FOLDER,IN FILE,CHANNEL,CLIP LENGTH,SAMPLE RATE,OFFSET,DURATION,MANUAL ID
./data/test/,California_Gnatcatcher.WAV,0,60.0,13000,2.346769230769231,1.1186153846153846,bird
./data/test/,California_Gnatcatcher.WAV,0,60.0,13000,6.735538461538462,1.1186153846153841,bird
./data/test/,California_Gnatcatcher.WAV,0,60.0,13000,10.05676923076923,1.039538461538461,bird
./data/test/,California_Gnatcatcher.WAV,0,60.0,13000,47.460153846153844,1.0395384615384629,bird
./data/test/,California_Gnatcatcher.WAV,0,60.0,13000,54.932923076923075,1.1976923076923072,bird
./data/test/,California_Gnatcatcher.WAV,0,60.0,13000,56.356307692307695,1.0790769230769186,bird
./data/test/,California_Gnatcatcher.WAV,0,60.0,13000,57.977384615384615,1.0790769230769257,bird
